@@,item,itemlabel,party,gender
+++,,Abednico Bhebhe,Q1146616,male
+++,,Abednico Ncube,Q1910161,male
+++,,Abigail Damasane,Q1910161,female
+++,,Adam Chimwamurombe,Q1910161,male
+++,,Albert Mhlanga,Q1146616,male
+++,,Aldrin Musiiwa,Q1910161,male
+++,,Alexio Musundire,Q1146616,male
+++,,Alfred Mufunga,Q1910161,male
->,Q4741842,Ambrose Mutinhiri,Q1910161,male
->,Q4747917,Amos Midzi,Q1910161,male
+++,,Anastancia Ndhlovu,Q1910161,female
->,Q4757697,Andrew Langa,Q1910161,male
+++,,Anele Ndebele,Q1146616,male
+++,,Aqualina Katsande,Q1910161,female
->,Q4795279,Arnold Tsunga,Q1146616,male
+++,,Batsirayi Pemhenayi,Q1910161,male
->,Q107534597->NULL,Bekithemba Mpofu,Q1910161,male
+++,,Bekithemba Nyathi,Q1146616,male
+++,,Berta Chikwama,Q1910161,female
+++,,Biata B. Nyamupinga,Q1910161,female
+++,,Biggie J. Matiza,Q1910161,male
+++,,Blessed Runesu,Q1910161,male
+++,,Cephas Sindi,Q1910161,male
+++,,Chenayimoyo D. Francis Nhema,Q1910161,male
->,Q5107550,Chris Mushohwe->Christopher Mushohwe,Q1910161,male
+++,,Christopher Chigumba,Q1910161,male
---,Q93578158,Christopher Chingosho,Q1910161,male
+++,,Christopher Chitindi,Q1910161,male
->,Q32534048,Christopher Kuruneri,Q1910161,male
->,Q43266691,Christopher Mutsvangwa,Q1910161,male
+++,,Chriswell Mutematsaka,Q1910161,male
+++,,Chuma K. Bhasikiti,Q1910161,male
+++,,Clifford Sibanda,Q1910161,male
+++,,Costa Machingauta,Q1146616,male
+++,,Daniel M. Ncube,Q1910161,male
->,Q5218758,Daniel Shumba,Q1910161,male
->,Q5231960,David Butau,Q1910161,male
+++,,David Chapfika,Q1910161,male
+++,,Davis Marapira,Q1910161,male
+++,,Denford Masiya,Q1910161,male
+++,,Dextor T. Nduna,Q1910161,male
->,Q5274292,Didymus Mutasa,Q1910161,male
+++,,Dingilizwe Tshuma,Q1146616,male
+++,,Dorcas Sibanda,Q1146616,female
+++,,Dorothy Mangami,Q1910161,female
---,Q5301822,Douglas Mombeshora,Q1910161,male
+++,,Dubeko Sibanda,Q1146616,male
---,Q5335953,Eddie Cross,Q1146616,male
+++,,Edgar Chidavaenzi,Q1910161,male
+++,,Edgar Mbwembwe,Q1910161,male
+++,,Edmond Mhere,Q1910161,male
+++,,Edson Gumbo,Q1910161,male
---,Q5360562,Elias Mudzuri,Q1146616,male
---,Q510523,Emmerson Mnangagwa,Q1910161,male
+++,,Enock Porusingazi,Q1910161,male
+++,,Ephraim Gwanonodza,Q1910161,male
+++,,Epmarcus Kanhanga,Q1910161,male
+++,,Erick Murai,Q1146616,male
+++,,Ezira Ruvai,Q1910161,male
+++,,Fani Phanuel Phiri,Q1910161,male
+++,,Felix Mhona,Q1910161,male
->,Q16195944,Fortune Chasi,Q1910161,male
+++,,Francis Muchenje,Q1910161,male
+++,,Francis Mukwangwariwa,Q1910161,male
+++,,Fred Moyo,Q1910161,male
+++,,Fungai J Majome,Q1146616,female
+++,,Getrude Chibagu,Q1910161,female
+++,,Getrude Hungwa,Q1910161,female
+++,,Gift Chimanikire,Q1146616,male
+++,,Gladys Mathe,Q1146616,female
+++,,Godfrey Beremauro,Q1910161,male
+++,,Godfrey Gandawa,Q1910161,male
+++,,Godfrey N Malaba,Q1910161,male
+++,,Godfrey Sithole,Q1146616,male
->,Q5584672,Gorden Moyo,Q1146616,male
+++,,Harris Ncube,Q1910161,male
+++,,Hazvineyi Z Makari,,
->,Q5927511,Hubert Nyanhongo,Q1910161,male
->,Q16151660,Ignatious Chombo->Ignatius Chombo,Q1910161,male
+++,,Innocent Gonese,Q1146616,male
+++,,Innocent Pedzisai,Q1910161,male
+++,,Irene Zindi,Q1910161,female
+++,,Iris Chiratidzo Mabuwa,Q1910161,female
+++,,Isaac Mackenzie,Q1910161,male
->,Q58007739,Jacob Mudenda,Q1910161,male
+++,,Jaison Passade,Q1910161,male
+++,,James Maridadi,Q1146616,male
+++,,Jeffrey Runzirwai,Q1910161,male
+++,,Jeppy Jaboon,Q1910161,male
---,Q6187759,Jessie Majome,Q1146616,female
+++,,John Holder,Q1910161,male
->,Q981736,Joice Mujuru,Q1910161,female
---,Q3183430,Jonathan Moyo,Q1910161,male
+++,,Jonathan Samukange,Q327591,male
->,Q6276249,Joram Gumbo,Q1910161,male
->,Q6282111,Joseph Chinotimba,Q1910161,male
->,Q6285211,Joseph Made,Q1910161,male
+++,,Joseph Mapiki,Q1910161,male
+++,,Joseph Tshuma,Q1910161,male
+++,,Josephat Madubeko,Q1910161,male
+++,,Josephine Value Chitembwe,Q1146616,female
+++,,Judith Muzhavazhe,Q1146616,female
+++,,Justice Mayor Wadyajena,Q1910161,male
+++,,Kalitso Gwanetsa,Q1910161,male
->,Q85850886->NULL,Kazembe Kazembe,Q1910161,male
---,Q6386891,Kembo Mohadi,,male
+++,,Kennedy Matimba,Q1910161,male
+++,,Kenneth S. Musanhi,Q1910161,male
+++,,Kindness Paradza,Q1910161,male
+++,,Kizito Chivamba,Q1910161,male
+++,,Kudzanayi Chipanga,Q1910161,male
+++,,Ladislus Ndoro,Q1910161,male
+++,,Lamson Moyo,Q1910161,male
+++,,Leonard Chikomba,Q1910161,male
+++,,Lilian Zemura,Q1910161,female
+++,,Lovemore Matuke,Q1910161,male
+++,,Lucia Matibenga,Q1146616,female
+++,,Luke Musamvu,Q1910161,male
+++,,Lungisani Nleya,Q1910161,male
---,Q93452160,Mabel Chinomona,Q1910161,female
+++,,Mabel Kaundikiza,Q1910161,female
+++,,Mabel Matirangano Nkatazo,Q1910161,female
+++,,Mable M. Chinomona,Q1910161,female
+++,,Madodana Sibanda,Q1910161,male
+++,,Mafios Vutete,Q1910161,male
+++,,Maideyi Mpala,Q1146616,female
+++,,Makhosini Hlongwane,Q1910161,male
+++,,Malach Nkomo,Q1910161,male
+++,,Mandi M. Chimene,Q1910161,female
+++,,Mapetere D. V. Mawere,Q1910161,male
+++,,Margaret Matienga,Q1146616,female
+++,,Martin Khumalo,Q1910161,male
->,Q97816798->NULL,Masango Matambanadzo,NULL->Q1910161,male
+++,,Mathias S. Ndlovu,Q1910161,male
+++,,Mathias Tongofa,Q1910161,male
+++,,Melenia Mahiya,Q1910161,female
+++,,Metrine Mdau,Q1910161,female
->,Q6828646,Michael Bimha,Q1910161,male
+++,,Michael Madanha,Q1910161,male
+++,,Mike Gava,Q1910161,male
+++,,Miriam Makweya,Q1910161,female
+++,,Monica Chigudu,Q1910161,female
+++,,Moses Manyengawana,Q1146616,male
+++,,Mthokozisi M. Mpofu,Q1910161,male
+++,,Mubvumbi Mawere,Q1910161,male
->,Q6935586,Munacho Mutezo,Q1910161,male
+++,,Munyaradzi Kereke,Q1910161,male
->,Q6938737,Murisi Zwizwai,Q1146616,male
->,Q16207702,Nelson Chamisa,Q1146616,male
+++,,Never Khanye,Q1910161,male
+++,,Newton Kachepa,Q1910161,male
->,Q7025447,Nicholas Goche,Q1910161,male
---,Q91165040,Nicola Watson,Q1146616,female
+++,,Nomathemba Ndlovu,Q1146616,female
+++,,Nomsa Jenifer Mlanga,Q1910161,female
+++,,Noveti Muponora,Q1910161,male
->,Q7070929,Nyasha Chikwinya,Q1910161,female
->,Q29588993,Obedingwa Mguni,Q1910161,male
---,Q2011278,Obert Mpofu,Q1910161,male
+++,,Oliver Mandipaka,Q1910161,male
+++,,Omega S Hungwe,Q1910161,male
->,Q7095508,Oppah Muchinguri,Q1910161,female
+++,,Owen Ncube,Q1910161,male
+++,,Paradzai Chakona,Q1910161,male
->,Q3369338,Patrick Chinamasa,Q1910161,male
->,Q7149825,Paul Chimedza,Q1910161,male
+++,,Paul Madzore,Q1146616,male
+++,,Paul Mavima,Q1910161,male
->,Q7155466,Paurina Mpariwa,Q1146616,female
+++,,Peter Haritatos,Q1910161,male
+++,,Peter Mataruse,Q1910161,male
+++,,Petronella Kagonye,Q1910161,female
+++,,Phelele Masuku,Q1146616,male
+++,,Phineas Chiota,Q1910161,male
+++,,Pius Madzinga,Q1910161,male
->,Q7245611,Priscilla Misihairabwi-Mushonga,Q15980776,female
+++,,Prosper Mutseyami,Q1146616,male
+++,,Psychology Mazivisa,Q1910161,male
+++,,Ray Kaukonde,Q1910161,male
+++,,Raymore Machingura,Q1910161,male
+++,,Reggie Moyo,Q1146616,male
->,Q7317489,Reuben Marumahoko,Q1910161,male
+++,,Robert Mukwena,Q1910161,male
+++,,Robson Mavenyengwa,Q1910161,male
+++,,Ronald Muderedzwa,Q1910161,male
+++,,Roselyn Nkomo,Q1146616,female
+++,,Rossy Mpofu,Q1910161,female
+++,,Sabbina Mangwende,Q1910161,female
+++,,Samson T. Mukanduri,Q1910161,male
+++,,Samuel Sipepa,Q1146616,male
---,Q7412644,Samuel Sipepa Nkomo,Q1146616,male
->,Q7412813,Samuel Undenge,Q1910161,male
+++,,Sarah Mahoka,Q1910161,female
---,Q7428343,Saviour Kasukuwere,Q1910161,male
->,Q7456035,Sesel Zvidzai,Q1146616,male
+++,,Settlement Chikwinya,Q1146616,male
+++,,Shadreck Mashayamombe,Q1910161,male
+++,,Simbaneuta Mudarikwa,Q1910161,male
+++,,Simon Chidhakwa,Q1146616,male
+++,,Simon Musanhu,Q1910161,male
+++,,Sipho Dube,Q1146616,female
+++,,Sithemba Gumbo,Q1910161,female
->,Q16733535,Sithembiso Nyoni,Q1910161,female
+++,,Solomon Madzore,Q1146616,male
+++,,Soul Ncube,Q1910161,male
+++,,Supa C. Mandiwanzira,Q1910161,male
---,Q7641876,Supa Mandiwanzira,Q1910161,male
->,Q7660812,Sylvester Nguni,Q1910161,male
---,Q43667129,Tabetha Kanengoni Malinga,Q1910161,female
+++,,Tabetha Kanengoni-Malinga,Q1910161,female
+++,,Tapiwa Mashakada,Q1146616,male
+++,,Tapiwanashe Matangaidze,Q1910161,male
+++,,Tariro Mtingwende,Q1910161,female
+++,,Temba Mliswa,Q1910161,male
---,Q7410395,Tendai Biti,Q1146616,male
+++,,Tendai Savanhu,Q1910161,male
+++,,Tendayi Makunde,Q1910161,male
+++,,Tendayi P. Zhanda,Q1910161,male
+++,,Terence Mukupe,Q1910161,male
+++,,Teti Banda,Q1146616,female
+++,,Thabitha Khumalo,Q1146616,female
->,Q7710066,Thamsanqa Mahlangu,Q1146616,male
---,Q9358456,Thokozani Khuphe,Q1146616,female
+++,,Thomas Maseko,Q1910161,male
+++,,Tinashe Maduza,Q1910161,male
+++,,Tionei Melody Dziva,Q1910161,female
+++,,Toendepi Matangira,Q1910161,male
+++,,Tongai Muzenda,Q1910161,male
+++,,Tongesai Mudambo,Q1910161,male
+++,,Tose Wesley Sansole,Q1146616,male
+++,,Trevor Saruwaka,Q1146616,male
+++,,Tshinga J Dube,Q1910161,male
+++,,Tsitsi Gezi,Q1910161,female
+++,,Unganai Tarusenga,Q1146616,male
---,Q7964549,Walter Chidakwa,Q1910161,male
+++,,Walter Chidhakwa,Q1910161,male
->,Q7965696->NULL,Walter Mzembi,Q1910161,male
+++,,Washington Masvaire,Q1910161,male
+++,,Webster Maondera,Q1146616,male
->,Q7978955->NULL,Webster Shamu,Q1910161,male
+++,,William M. Dhewa,Q1910161,male
+++,,William Mutomba,Q1910161,male
+++,,Willias Madzimure,Q1146616,male
+++,,Win Busayi Mlambo,Q1910161,male
+++,,Wonder Mashange,Q1910161,male
+++,,Zenzo Sibanda,Q1910161,male
->,Q85678984->NULL,Ziyambi Ziyambi,Q1910161,male
